Week Day,Tip Amount
Sunday,3.927826087
Monday,3.142926829
Tuesday,3.285714286
Wednesday,2.594571429
Thursday,3.810263158
Friday,3.40733945
Saturday,3.609380531