Week Day,Tip Amount
Sunday,3.985588235
Monday,3.142926829
Tuesday,3.387096774
Wednesday,2.594571429
Thursday,3.810263158
Friday,3.40733945
Saturday,3.661714286